species,decimalLatitude,decimalLongitude,eventDate,country,stateProvince,basisOfRecord
Prosopis cineraria,26.85989,74.039692,2026-01-17T14:21,India,Rajasthan,HUMAN_OBSERVATION
Prosopis cineraria,26.878703,74.021102,2026-01-17T14:17,India,Rajasthan,HUMAN_OBSERVATION
Prosopis cineraria,26.90837,73.985637,2026-01-17T14:15,India,Rajasthan,HUMAN_OBSERVATION
Prosopis cineraria,24.890048,55.432716,2026-01-10T16:34:35,United Arab Emirates,Dubay,HUMAN_OBSERVATION
Prosopis cineraria,24.876153,55.577988,2026-01-08T15:59:37,United Arab Emirates,Dubay,HUMAN_OBSERVATION
Prosopis cineraria,25.094083,72.197328,2026-01-22T13:55:39,India,Rajasthan,HUMAN_OBSERVATION
Prosopis cineraria,26.719688,70.595438,2026-01-12T16:19,India,Rajasthan,HUMAN_OBSERVATION
Prosopis cineraria,26.719688,70.595438,2026-01-12T16:19,India,Rajasthan,HUMAN_OBSERVATION
Prosopis cineraria,26.719688,70.595438,2026-01-12T16:19,India,Rajasthan,HUMAN_OBSERVATION
Prosopis cineraria,26.719688,70.595438,2026-01-12T16:19,India,Rajasthan,HUMAN_OBSERVATION
Prosopis cineraria,26.719688,70.595438,2026-01-12T16:19,India,Rajasthan,HUMAN_OBSERVATION
Prosopis cineraria,26.719688,70.595438,2026-01-12T16:19,India,Rajasthan,HUMAN_OBSERVATION
Prosopis cineraria,26.719688,70.595438,2026-01-12T16:19,India,Rajasthan,HUMAN_OBSERVATION
Prosopis cineraria,25.296671,75.940518,2026-02-08T11:43,India,Rajasthan,HUMAN_OBSERVATION
Prosopis cineraria,24.83751,55.381858,2026-02-22T17:19,United Arab Emirates,Dubay,HUMAN_OBSERVATION
Prosopis cineraria,23.258842,69.219445,2026-02-06T08:59:56,India,Gujarat,HUMAN_OBSERVATION
Prosopis cineraria,23.231141,68.978925,2026-03-28T08:54:30,India,Gujarat,HUMAN_OBSERVATION
Prosopis cineraria,25.217941,55.44439,2026-03-25T08:23:18,United Arab Emirates,Dubay,HUMAN_OBSERVATION
Prosopis cineraria,18.054199,79.533894,2026-03-18T10:49:44,India,Telangana,HUMAN_OBSERVATION
Prosopis cineraria,24.184988,72.080702,2026-03-18T09:47:03,India,Gujarat,HUMAN_OBSERVATION
Prosopis cineraria,24.392728,54.647713,2026-03-27T12:46:17,United Arab Emirates,Abu Dhabi,HUMAN_OBSERVATION
Prosopis cineraria,24.801029,55.623178,2026-03-29T10:41:50,United Arab Emirates,Dubay,HUMAN_OBSERVATION
Prosopis cineraria,24.959504,55.154867,2026-04-03T12:18:16,United Arab Emirates,Dubay,HUMAN_OBSERVATION
Prosopis cineraria,19.209939,73.017439,2026-04-25T09:04:07,India,Maharashtra,HUMAN_OBSERVATION
Prosopis cineraria,24.851864,55.26934,2026-04-24T08:14:43,United Arab Emirates,Dubay,HUMAN_OBSERVATION
Prosopis cineraria,24.155834,55.680307,2026-04-26T06:31:59,United Arab Emirates,Abu Dhabi,HUMAN_OBSERVATION
Prosopis cineraria,24.445672,54.389685,2026-04-24T08:21:38,United Arab Emirates,Abu Dhabi,HUMAN_OBSERVATION
Prosopis cineraria,24.530038,54.403372,2026-04-25T18:23:17,United Arab Emirates,Abu Dhabi,HUMAN_OBSERVATION
Prosopis cineraria,24.985095,55.22693,2026-04-24T08:10:20,United Arab Emirates,Dubay,HUMAN_OBSERVATION
Prosopis cineraria,25.138283,55.85443,2026-04-05T18:39:32,United Arab Emirates,Sharjah,HUMAN_OBSERVATION
Prosopis cineraria,25.223219,55.448154,2026-04-23T18:23:35,United Arab Emirates,Dubay,HUMAN_OBSERVATION
Prosopis cineraria,29.887889,73.913478,2026-04-15T09:35,India,Rajasthan,HUMAN_OBSERVATION
Prosopis cineraria,24.857647,55.289897,2026-04-24T07:00:18,United Arab Emirates,Dubay,HUMAN_OBSERVATION
Prosopis cineraria,24.959488,55.15498,2026-04-26T16:42:40,United Arab Emirates,Dubay,HUMAN_OBSERVATION
Prosopis cineraria,26.116889,73.971595,2026-04-30T20:17:59,India,Rajasthan,HUMAN_OBSERVATION
Prosopis cineraria,24.530064,54.403403,2026-04-26T18:36:28,United Arab Emirates,Abu Dhabi,HUMAN_OBSERVATION
Prosopis cineraria,25.242515,55.305589,2026-04-26T13:16:33,United Arab Emirates,Dubay,HUMAN_OBSERVATION
Prosopis cineraria,25.037755,55.138031,2026-04-27T18:02:06,United Arab Emirates,Dubay,HUMAN_OBSERVATION
Prosopis cineraria,21.505418,73.0361,2026-04-11T17:40,India,Gujarat,HUMAN_OBSERVATION
Prosopis cineraria,24.800083,56.109505,2026-05-06T13:40:25,United Arab Emirates,Dubay,HUMAN_OBSERVATION
Prosopis cineraria,29.912616,73.882792,2026-05-10T16:11,India,Rajasthan,HUMAN_OBSERVATION
Prosopis cineraria,25.223106,55.445475,2026-05-16T17:40:40,United Arab Emirates,Dubay,HUMAN_OBSERVATION
Prosopis cineraria,25.223025,55.446305,2026-05-16T17:31:44,United Arab Emirates,Dubay,HUMAN_OBSERVATION
Prosopis cineraria,25.223706,55.443942,2026-05-16T18:00:27,United Arab Emirates,Dubay,HUMAN_OBSERVATION
Prosopis cineraria,25.224136,55.444791,2026-05-16T18:05:59,United Arab Emirates,Dubay,HUMAN_OBSERVATION
Prosopis cineraria,29.903023,73.887681,2026-05-13T08:24,India,Rajasthan,HUMAN_OBSERVATION
Prosopis cineraria,24.722763,71.773833,2026-05-17T08:38:08,India,Rajasthan,HUMAN_OBSERVATION
Prosopis cineraria,26.167387,72.481658,2026-05-17T11:14:22,India,Rajasthan,HUMAN_OBSERVATION
Prosopis cineraria,25.22235,55.444542,2026-05-28T07:24:09,United Arab Emirates,Dubay,HUMAN_OBSERVATION
Prosopis cineraria,29.928217,73.916047,2026-05-30T15:59,India,Rajasthan,HUMAN_OBSERVATION
Prosopis cineraria,25.112895,55.279608,2026-05-23T17:35,United Arab Emirates,Dubay,HUMAN_OBSERVATION
Prosopis cineraria,25.222937,55.445178,2026-05-28T07:10:34,United Arab Emirates,Dubay,HUMAN_OBSERVATION
Prosopis cineraria,24.949455,56.321253,2026-05-23T19:34:50,United Arab Emirates,Fujayrah,HUMAN_OBSERVATION
Prosopis cineraria,24.914581,72.382416,2026-06-11T10:16:59,India,Rajasthan,HUMAN_OBSERVATION
Prosopis cineraria,28.034336,73.234853,2026-06-24T19:17,India,Rajasthan,HUMAN_OBSERVATION
Prosopis cineraria,28.02172,73.409317,2026-06-24T07:55,India,Rajasthan,HUMAN_OBSERVATION
Prosopis cineraria,28.021964,73.409561,2026-06-24T07:47,India,Rajasthan,HUMAN_OBSERVATION
Prosopis cineraria,26.244057,73.346383,2026-07-01T10:23:30,India,Rajasthan,HUMAN_OBSERVATION
Prosopis cineraria,25.175404,75.831113,2026-08-02T09:50:53,India,Rajasthan,HUMAN_OBSERVATION
Prosopis cineraria,25.020846,55.259073,2025-01-01T15:59:12,United Arab Emirates,Dubay,HUMAN_OBSERVATION
Prosopis cineraria,24.959286,55.154944,2025-01-11T11:47:47,United Arab Emirates,Dubay,HUMAN_OBSERVATION
Prosopis cineraria,24.959641,55.154818,2025-01-11T10:35:33,United Arab Emirates,Dubay,HUMAN_OBSERVATION
Prosopis cineraria,26.643255,70.67382,2025-01-15T13:31:22,India,Rajasthan,HUMAN_OBSERVATION
Prosopis cineraria,24.958563,56.314513,2025-01-20T09:35:24,United Arab Emirates,Fujayrah,HUMAN_OBSERVATION
Prosopis cineraria,24.888629,55.432042,2025-01-12T17:24:55,United Arab Emirates,Dubay,HUMAN_OBSERVATION
Prosopis cineraria,25.242831,55.305504,2025-02-02T16:51:20,United Arab Emirates,Dubay,HUMAN_OBSERVATION
Prosopis cineraria,26.229805,73.03025,2025-02-06T17:06:43,India,Rajasthan,HUMAN_OBSERVATION
Prosopis cineraria,25.22501,55.450632,2025-02-01T14:56:59,United Arab Emirates,Dubay,HUMAN_OBSERVATION
Prosopis cineraria,25.225138,55.449378,2025-02-01T15:03:09,United Arab Emirates,Dubay,HUMAN_OBSERVATION
Prosopis cineraria,25.22503,55.450283,2025-02-01T15:00:03,United Arab Emirates,Dubay,HUMAN_OBSERVATION
Prosopis cineraria,25.224103,55.447313,2025-02-01T15:19:05,United Arab Emirates,Dubay,HUMAN_OBSERVATION
Prosopis cineraria,25.226613,55.447553,2025-02-01T15:25:09,United Arab Emirates,Dubay,HUMAN_OBSERVATION
Prosopis cineraria,21.308172,70.055595,2025-02-28T17:51:47,India,Gujarat,HUMAN_OBSERVATION
Prosopis cineraria,25.200073,55.293457,2025-02-08T09:46,United Arab Emirates,Dubay,HUMAN_OBSERVATION
Prosopis cineraria,25.229905,55.449819,2025-03-01T09:18:34,United Arab Emirates,Dubay,HUMAN_OBSERVATION
Prosopis cineraria,25.225078,55.450285,2025-03-09T14:53:35,United Arab Emirates,Dubay,HUMAN_OBSERVATION
Prosopis cineraria,22.870012,72.173355,2025-03-08T11:24:51,India,Gujarat,HUMAN_OBSERVATION
Prosopis cineraria,27.761838,74.398095,2025-03-18T10:02:51,India,Rajasthan,HUMAN_OBSERVATION
Prosopis cineraria,27.97035,73.37542,2025-03-19T08:26:56,India,Rajasthan,HUMAN_OBSERVATION
Prosopis cineraria,24.945919,55.426858,2025-03-11T12:49:49,United Arab Emirates,Dubay,HUMAN_OBSERVATION
Prosopis cineraria,24.93818,55.036922,2025-03-20T15:26:16,United Arab Emirates,Dubay,HUMAN_OBSERVATION
Prosopis cineraria,18.53339,73.81823,2025-03-30,India,NA,HUMAN_OBSERVATION
Prosopis cineraria,18.56571,73.8012,2025-03-25,India,NA,HUMAN_OBSERVATION
Prosopis cineraria,25.314749,55.519164,2025-03-05T10:11:06,United Arab Emirates,Sharjah,HUMAN_OBSERVATION
Prosopis cineraria,27.508261,73.474542,2025-03-03T09:32,India,Rajasthan,HUMAN_OBSERVATION
Prosopis cineraria,28.081696,75.282841,2025-03-01T16:17,India,Rajasthan,HUMAN_OBSERVATION
Prosopis cineraria,28.043416,74.812336,2025-03-02T09:24,India,Rajasthan,HUMAN_OBSERVATION
Prosopis cineraria,27.026406,73.53215,2025-03-03T11:14,India,Rajasthan,HUMAN_OBSERVATION
Prosopis cineraria,27.973657,74.969014,2025-03-02T08:34,India,Rajasthan,HUMAN_OBSERVATION
Prosopis cineraria,28.099243,73.853566,2025-03-02T10:16,India,Rajasthan,HUMAN_OBSERVATION
Prosopis cineraria,26.870317,56.123897,2025-04-02T17:08:58,Iran (Islamic Republic of),Hormozgan,HUMAN_OBSERVATION
Prosopis cineraria,25.386953,56.265087,2025-04-19T08:38:51,United Arab Emirates,Fujayrah,HUMAN_OBSERVATION
Prosopis cineraria,25.2898,55.346492,2025-04-08T20:32:57,United Arab Emirates,Dubay,HUMAN_OBSERVATION
Prosopis cineraria,20.658922,76.926933,2025-04-09T08:13:03,India,Maharashtra,HUMAN_OBSERVATION
Prosopis cineraria,24.833095,55.356472,2025-04-26T18:16:37,United Arab Emirates,Dubay,HUMAN_OBSERVATION
Prosopis cineraria,24.833287,55.356163,2025-04-26T18:34:52,United Arab Emirates,Dubay,HUMAN_OBSERVATION
Prosopis cineraria,25.377279,51.548723,2025-04-25T22:40:42,Qatar,Ad Dawhah,HUMAN_OBSERVATION
Prosopis cineraria,27.498617,75.178167,2025-05-06T07:45,India,Rajasthan,HUMAN_OBSERVATION
Prosopis cineraria,25.242917,55.46395,2025-05-09T12:15:07,United Arab Emirates,Dubay,HUMAN_OBSERVATION
Prosopis cineraria,25.271738,55.369763,2025-05-09T10:38:24,United Arab Emirates,Dubay,HUMAN_OBSERVATION
Prosopis cineraria,25.227569,55.260492,2025-05-07T15:14:18,United Arab Emirates,Dubay,HUMAN_OBSERVATION
Prosopis cineraria,25.168425,55.429014,2025-05-11T17:17:37,United Arab Emirates,Dubay,HUMAN_OBSERVATION
Prosopis cineraria,26.831969,75.786258,2025-05-15T11:13,India,Rajasthan,HUMAN_OBSERVATION
Prosopis cineraria,26.832339,75.786163,2025-05-15T17:59,India,Rajasthan,HUMAN_OBSERVATION
Prosopis cineraria,26.831956,75.786244,2025-05-15T11:13,India,Rajasthan,HUMAN_OBSERVATION
Prosopis cineraria,26.832339,75.786163,2025-05-15T17:59,India,Rajasthan,HUMAN_OBSERVATION
Prosopis cineraria,26.832458,75.786159,2025-05-15T18:10,India,Rajasthan,HUMAN_OBSERVATION
Prosopis cineraria,26.832458,75.786159,2025-05-15T11:20,India,Rajasthan,HUMAN_OBSERVATION
Prosopis cineraria,26.832339,75.786163,2025-05-15T17:59,India,Rajasthan,HUMAN_OBSERVATION
Prosopis cineraria,25.303208,55.738963,2025-05-18T18:59:11,United Arab Emirates,Sharjah,HUMAN_OBSERVATION
Prosopis cineraria,26.831556,75.785772,2025-05-15T10:48,India,Rajasthan,HUMAN_OBSERVATION
Prosopis cineraria,26.832339,75.786163,2025-05-15T17:59,India,Rajasthan,HUMAN_OBSERVATION
Prosopis cineraria,26.832339,75.786163,2025-05-15T17:59,India,Rajasthan,HUMAN_OBSERVATION
Prosopis cineraria,26.832339,75.786163,2025-05-15T17:59,India,Rajasthan,HUMAN_OBSERVATION
Prosopis cineraria,11.027356,78.870673,2025-05-29T08:11:25,India,Tamil Nadu,HUMAN_OBSERVATION
Prosopis cineraria,18.871887,-71.529416,2025-05-28T09:20:39,Dominican Republic,San Juan,HUMAN_OBSERVATION
Prosopis cineraria,24.818247,56.097402,2025-05-15T07:07,United Arab Emirates,Neutral Zone,HUMAN_OBSERVATION
Prosopis cineraria,17.349056,78.448158,2025-07-11T06:03,India,Telangana,HUMAN_OBSERVATION
Prosopis cineraria,25.445384,56.276177,2025-08-23T15:09,United Arab Emirates,Fujayrah,HUMAN_OBSERVATION
Prosopis cineraria,27.810078,74.459913,2025-08-18T07:50:12,India,Rajasthan,HUMAN_OBSERVATION
Prosopis cineraria,23.02826,72.43012,2025-08-21,India,NA,HUMAN_OBSERVATION
Prosopis cineraria,23.02826,72.43012,2025-08-07,India,NA,HUMAN_OBSERVATION
Prosopis cineraria,23.02826,72.43012,2025-08-30,India,NA,HUMAN_OBSERVATION
Prosopis cineraria,23.02826,72.43012,2025-08-14,India,NA,HUMAN_OBSERVATION
Prosopis cineraria,24.421527,54.645759,2025-08-12T08:26:36,United Arab Emirates,Abu Dhabi,HUMAN_OBSERVATION
Prosopis cineraria,24.949486,56.321056,2025-09-14T07:39:12,United Arab Emirates,Fujayrah,HUMAN_OBSERVATION
Prosopis cineraria,23.02826,72.43012,2025-09-25,India,NA,HUMAN_OBSERVATION
Prosopis cineraria,23.02826,72.43012,2025-09-08,India,NA,HUMAN_OBSERVATION
Prosopis cineraria,32.730476,-114.634049,2025-10-01T16:29:08,United States of America,Arizona,HUMAN_OBSERVATION
Prosopis cineraria,24.49283,54.356728,2025-10-14T17:01:19,United Arab Emirates,Abu Dhabi,HUMAN_OBSERVATION
Prosopis cineraria,25.225322,55.45002,2025-10-21T16:00:55,United Arab Emirates,Dubay,HUMAN_OBSERVATION
Prosopis cineraria,28.230222,75.633269,2025-11-04T17:47:27,India,Rajasthan,HUMAN_OBSERVATION
Prosopis cineraria,24.837835,55.375757,2025-11-15T14:09:12,United Arab Emirates,Dubay,HUMAN_OBSERVATION
Prosopis cineraria,30.90774,75.825519,2025-11-15T17:21:20,India,Punjab,HUMAN_OBSERVATION
Prosopis cineraria,25.994318,50.58304,2025-11-14T12:31:46,Bahrain,Southern,HUMAN_OBSERVATION
Prosopis cineraria,24.994152,55.299363,2025-12-08T16:31:10,United Arab Emirates,Dubay,HUMAN_OBSERVATION
Prosopis cineraria,25.2037,55.440342,2025-12-09T07:30:18,United Arab Emirates,Dubay,HUMAN_OBSERVATION
Prosopis cineraria,23.886075,54.983108,2025-12-20T15:15:22,United Arab Emirates,Abu Dhabi,HUMAN_OBSERVATION
Prosopis cineraria,27.810653,74.435067,2025-12-25T12:00,India,Rajasthan,HUMAN_OBSERVATION
Prosopis cineraria,27.810653,74.435067,2025-12-25T10:28,India,Rajasthan,HUMAN_OBSERVATION
Prosopis cineraria,26.877989,75.809618,2025-12-14T13:36,India,Rajasthan,HUMAN_OBSERVATION
Prosopis cineraria,24.8893,55.433234,2025-12-24T16:28:13,United Arab Emirates,Dubay,HUMAN_OBSERVATION
Prosopis cineraria,10.70084,76.95585,2024-01-17,India,NA,HUMAN_OBSERVATION
Prosopis cineraria,25.225944,55.447966,2024-01-27T10:37:21,United Arab Emirates,Dubay,HUMAN_OBSERVATION
Prosopis cineraria,24.78198,55.81512,2024-01-19,United Arab Emirates,NA,HUMAN_OBSERVATION
Prosopis cineraria,25.220588,55.450165,2024-02-06T15:32:54,United Arab Emirates,Dubay,HUMAN_OBSERVATION
Prosopis cineraria,25.864285,75.231804,2024-02-18T17:24:38,India,Rajasthan,HUMAN_OBSERVATION
Prosopis cineraria,25.223604,55.453104,2024-02-27T07:04,United Arab Emirates,Dubay,HUMAN_OBSERVATION
Prosopis cineraria,17.318442,78.403478,2024-02-10,India,Telangana,HUMAN_OBSERVATION
Prosopis cineraria,20.549444,77.039169,2024-03-10T10:54:32,India,Maharashtra,HUMAN_OBSERVATION
Prosopis cineraria,17.50263,78.38629,2024-03-15,India,NA,HUMAN_OBSERVATION
Prosopis cineraria,17.45392,78.35902,2024-03-24,India,NA,HUMAN_OBSERVATION
Prosopis cineraria,21.72738,73.02163,2024-03-16,India,NA,HUMAN_OBSERVATION
Prosopis cineraria,26.470963,73.110472,2024-04-26T07:16:34,India,Rajasthan,HUMAN_OBSERVATION
Prosopis cineraria,26.252707,72.970335,2024-04-29T19:10:04,India,Rajasthan,HUMAN_OBSERVATION
Prosopis cineraria,25.303095,55.374226,2024-04-27T21:05:29,United Arab Emirates,Sharjah,HUMAN_OBSERVATION
Prosopis cineraria,24.162725,55.714794,2024-05-25T07:35,United Arab Emirates,Abu Dhabi,HUMAN_OBSERVATION
Prosopis cineraria,25.338021,76.01789,2024-05-24T13:21:53,India,Rajasthan,HUMAN_OBSERVATION
Prosopis cineraria,24.70739,46.605543,2024-08-13T12:09:07,Saudi Arabia,Ar Riyad,HUMAN_OBSERVATION
Prosopis cineraria,9.59157,76.52215,2024-08-17,India,NA,HUMAN_OBSERVATION
Prosopis cineraria,17.348728,42.284548,2024-08-08T08:53:45,Saudi Arabia,Jizan,HUMAN_OBSERVATION
Prosopis cineraria,24.959473,55.154608,2024-09-24T08:48:18,United Arab Emirates,Dubay,HUMAN_OBSERVATION
Prosopis cineraria,27.620125,75.109605,2024-10-13T16:24,India,Rajasthan,HUMAN_OBSERVATION
Prosopis cineraria,24.95932,55.155027,2024-10-26T08:36:43,United Arab Emirates,Dubay,HUMAN_OBSERVATION
Prosopis cineraria,24.959242,55.155072,2024-10-26T08:41:49,United Arab Emirates,Dubay,HUMAN_OBSERVATION
Prosopis cineraria,24.829756,55.564941,2024-10-20T09:51,United Arab Emirates,Dubay,HUMAN_OBSERVATION
Prosopis cineraria,25.336251,76.014348,2024-11-01T17:37:19,India,Rajasthan,HUMAN_OBSERVATION
Prosopis cineraria,24.731237,46.57147,2024-11-24T13:24:36,Saudi Arabia,Ar Riyad,HUMAN_OBSERVATION
Prosopis cineraria,25.218064,55.453324,2024-11-28T08:21:45,United Arab Emirates,Dubay,HUMAN_OBSERVATION
Prosopis cineraria,9.20656,76.60817,2024-11-21,India,NA,HUMAN_OBSERVATION
Prosopis cineraria,27.810803,74.433861,2024-12-01T09:46:44,India,Rajasthan,HUMAN_OBSERVATION
Prosopis cineraria,25.573143,75.863487,2024-12-03T11:51,India,Rajasthan,HUMAN_OBSERVATION
Prosopis cineraria,26.824845,70.662368,2024-12-06T12:08:29,India,Rajasthan,HUMAN_OBSERVATION
Prosopis cineraria,25.576529,75.872737,2024-12-03T11:50,India,Rajasthan,HUMAN_OBSERVATION
Prosopis cineraria,27.014969,71.647033,2024-12-21T09:04:54,India,Rajasthan,HUMAN_OBSERVATION
Prosopis cineraria,25.182285,55.24037,2024-12-29T12:12:58,United Arab Emirates,Dubay,HUMAN_OBSERVATION
Prosopis cineraria,25.366762,56.34885,2024-12-29T17:08:06,United Arab Emirates,Sharjah,HUMAN_OBSERVATION
Prosopis cineraria,25.183071,55.240306,2024-12-29T11:59:12,United Arab Emirates,Dubay,HUMAN_OBSERVATION
Prosopis cineraria,24.893685,55.765087,2024-12-28T13:28:07,United Arab Emirates,Sharjah,HUMAN_OBSERVATION
Prosopis cineraria,24.893917,55.764753,2024-12-28T13:37:22,United Arab Emirates,Sharjah,HUMAN_OBSERVATION
Prosopis cineraria,9.26476,76.78704,2024-12-19,India,NA,HUMAN_OBSERVATION
Prosopis cineraria,26.36269,70.501322,2024-12-28T17:00,India,Rajasthan,HUMAN_OBSERVATION
Prosopis cineraria,26.36276,70.491507,2024-12-28T16:49,India,Rajasthan,HUMAN_OBSERVATION
Prosopis cineraria,25.551385,55.819312,2024-12-22T14:43,United Arab Emirates,Umm Al Qaywayn,HUMAN_OBSERVATION
Prosopis cineraria,25.553826,55.81805,2024-12-22T11:42,United Arab Emirates,Umm Al Qaywayn,HUMAN_OBSERVATION
Prosopis cineraria,27.979475,73.363097,2024-12-21T16:17:06,India,Rajasthan,HUMAN_OBSERVATION
Prosopis cineraria,25.069614,55.24307,2023-01-17T11:30:48,United Arab Emirates,Dubay,HUMAN_OBSERVATION
Prosopis cineraria,25.191773,55.310772,2023-01-04T10:10:05,United Arab Emirates,Dubay,HUMAN_OBSERVATION
Prosopis cineraria,24.788014,55.605609,2023-01-05T16:51:24,United Arab Emirates,Dubay,HUMAN_OBSERVATION
Prosopis cineraria,24.796384,55.610845,2023-01-05T08:34:57,United Arab Emirates,Dubay,HUMAN_OBSERVATION
Prosopis cineraria,25.143651,55.865369,2023-03-18T11:46,United Arab Emirates,Sharjah,HUMAN_OBSERVATION
Prosopis cineraria,25.03422,56.196717,2023-03-21T11:14,United Arab Emirates,Ras Al Khaymah,HUMAN_OBSERVATION
Prosopis cineraria,25.262466,55.664171,2023-03-22T08:31,United Arab Emirates,Sharjah,HUMAN_OBSERVATION
Prosopis cineraria,24.45413,54.378978,2023-03-14T12:19:44,United Arab Emirates,Abu Dhabi,HUMAN_OBSERVATION
Prosopis cineraria,24.291419,52.638231,2023-03-08T09:44,United Arab Emirates,Abu Dhabi,HUMAN_OBSERVATION
Prosopis cineraria,26.825587,76.695228,2023-03-21T10:00:02,India,Rajasthan,HUMAN_OBSERVATION
Prosopis cineraria,24.850834,55.701402,2023-04-06T07:09:11,United Arab Emirates,Sharjah,HUMAN_OBSERVATION
Prosopis cineraria,25.377503,76.006005,2023-04-28T11:01:23,India,Rajasthan,HUMAN_OBSERVATION
Prosopis cineraria,24.801422,55.624988,2023-04-17T17:10:13,United Arab Emirates,Dubay,HUMAN_OBSERVATION
Prosopis cineraria,25.994205,50.582878,2023-05-22T12:22:10,Bahrain,Southern,HUMAN_OBSERVATION
Prosopis cineraria,26.843606,75.802418,2023-06-21T16:01,India,Rajasthan,HUMAN_OBSERVATION
Prosopis cineraria,26.843585,75.802405,2023-07-09T18:38:29,India,Rajasthan,HUMAN_OBSERVATION
Prosopis cineraria,25.397226,55.715846,2023-07-22T22:11,United Arab Emirates,Sharjah,HUMAN_OBSERVATION
Prosopis cineraria,9.43883,77.56629,2023-07-15,India,NA,HUMAN_OBSERVATION
Prosopis cineraria,9.43883,77.56629,2023-07-15,India,NA,HUMAN_OBSERVATION
Prosopis cineraria,25.673,55.969,2023-07-25,United Arab Emirates,Ras al-Khaymah,MATERIAL_SAMPLE
Prosopis cineraria,26.861264,75.791469,2023-08-07T16:57:40,India,Rajasthan,HUMAN_OBSERVATION
Prosopis cineraria,26.457131,57.895476,2023-08-20T17:13,Iran (Islamic Republic of),Hormozgan,HUMAN_OBSERVATION
Prosopis cineraria,27.512519,57.85161,2023-08-20T11:40,Iran (Islamic Republic of),Kerman,HUMAN_OBSERVATION
Prosopis cineraria,27.532846,57.888773,2023-08-20T11:25,Iran (Islamic Republic of),Kerman,HUMAN_OBSERVATION
Prosopis cineraria,26.842589,75.815347,2023-09-21T12:38,India,Rajasthan,HUMAN_OBSERVATION
Prosopis cineraria,23.17712,72.65044,2023-09-13,India,Gujarat,HUMAN_OBSERVATION
Prosopis cineraria,23.154419999999998,72.65347,2023-09-13,India,Gujarat,HUMAN_OBSERVATION
Prosopis cineraria,23.12276,72.61926,2023-09-15,India,Gujarat,HUMAN_OBSERVATION
Prosopis cineraria,23.21728,72.66303,2023-09-11,India,Gujarat,HUMAN_OBSERVATION
Prosopis cineraria,23.22268,72.6617,2023-09-11,India,Gujarat,HUMAN_OBSERVATION
Prosopis cineraria,23.11651,72.61184,2023-09-16,India,Gujarat,HUMAN_OBSERVATION
Prosopis cineraria,25.977216,51.045749,2023-09-13T13:21:54,Qatar,Madinat ash Shamal,HUMAN_OBSERVATION
Prosopis cineraria,25.536845,55.623867,2023-10-23T09:58:49,United Arab Emirates,Umm Al Qaywayn,HUMAN_OBSERVATION
Prosopis cineraria,23.907372,54.941372,2023-10-22T17:29:10,United Arab Emirates,Abu Dhabi,HUMAN_OBSERVATION
Prosopis cineraria,30.216244,75.01799,2023-10-20T11:52:20.428Z,India,NA,HUMAN_OBSERVATION
Prosopis cineraria,24.596125,55.609347,2023-11-26T16:55:07,United Arab Emirates,Abu Dhabi,HUMAN_OBSERVATION
Prosopis cineraria,25.994142,50.583271,2023-11-03T12:10:57,Bahrain,Southern,HUMAN_OBSERVATION
Prosopis cineraria,26.841621,75.820641,2023-12-06T12:09:17,India,Rajasthan,HUMAN_OBSERVATION
Prosopis cineraria,26.8423,75.8214,2023-12-07,India,NA,HUMAN_OBSERVATION
Prosopis cineraria,26.8416,75.8206,2023-12-05,India,NA,HUMAN_OBSERVATION
Prosopis cineraria,24.965,55.145,2023-12-11T14:43,United Arab Emirates,Dubay,HUMAN_OBSERVATION
Prosopis cineraria,23.686159,58.578376,2023-12-24T15:45,Oman,Muscat,HUMAN_OBSERVATION
Prosopis cineraria,26.840327,75.822949,2023-12-08T08:05:41,India,Rajasthan,HUMAN_OBSERVATION
Prosopis cineraria,23.611531,58.587692,2023-12-24T15:45,Oman,Muscat,HUMAN_OBSERVATION
Prosopis cineraria,25.597976,55.800016,2022-03-12T16:00,United Arab Emirates,Umm Al Qaywayn,HUMAN_OBSERVATION
Prosopis cineraria,11.030401,79.342084,2022-03-20T08:13:08,India,Tamil Nadu,HUMAN_OBSERVATION
Prosopis cineraria,24.955446,55.713355,2022-03-25T16:40,United Arab Emirates,Sharjah,HUMAN_OBSERVATION
Prosopis cineraria,25.034673,55.239732,2022-04-15T17:01Z,United Arab Emirates,Dubay,HUMAN_OBSERVATION
Prosopis cineraria,27.297963,75.815626,2022-04-21,India,NA,HUMAN_OBSERVATION
Prosopis cineraria,17.50263,78.38629,2022-04-22,India,NA,HUMAN_OBSERVATION
Prosopis cineraria,25.389433,56.305933,2022-04-20,United Arab Emirates,NA,PRESERVED_SPECIMEN
Prosopis cineraria,24.600241,73.705638,2022-05-30,India,NA,HUMAN_OBSERVATION
Prosopis cineraria,25.99373,50.582887,2022-06-05T12:09:40,Bahrain,Southern,HUMAN_OBSERVATION
Prosopis cineraria,24.378388,54.548592,2022-08-09T10:11:13,United Arab Emirates,Abu Dhabi,HUMAN_OBSERVATION
Prosopis cineraria,17.50263,78.38629,2022-08-19,India,NA,HUMAN_OBSERVATION
Prosopis cineraria,26.956603,70.886438,2022-09-16T18:09:34,India,Rajasthan,HUMAN_OBSERVATION
Prosopis cineraria,23.879063,55.038181,2022-11-27T15:10:31,United Arab Emirates,Abu Dhabi,HUMAN_OBSERVATION
Prosopis cineraria,25.184622,55.252416,2022-12-29T11:31,United Arab Emirates,Dubay,HUMAN_OBSERVATION
Prosopis cineraria,23.461821,71.287421,2021-02-23T03:13,India,Gujarat,HUMAN_OBSERVATION
Prosopis cineraria,25.292101,55.739028,2021-02-05T13:42,United Arab Emirates,Sharjah,HUMAN_OBSERVATION
Prosopis cineraria,25.205854,56.234327,2021-04-01T08:00,United Arab Emirates,Fujayrah,HUMAN_OBSERVATION
Prosopis cineraria,25.194441,56.215532,2021-04-05T09:27Z,United Arab Emirates,Fujayrah,HUMAN_OBSERVATION
Prosopis cineraria,22.7534,77.7397,2021-04-21,India,NA,HUMAN_OBSERVATION
Prosopis cineraria,25.041516,56.318171,2021-05-18T08:52,United Arab Emirates,Fujayrah,HUMAN_OBSERVATION
Prosopis cineraria,25.994138,50.583005,2021-05-16T13:17:07Z,Bahrain,Southern,HUMAN_OBSERVATION
Prosopis cineraria,25.535353,55.598378,2021-05-28T14:33,United Arab Emirates,Umm Al Qaywayn,HUMAN_OBSERVATION
Prosopis cineraria,25.194727,56.215646,2021-05-25T07:28,United Arab Emirates,Fujayrah,HUMAN_OBSERVATION
Prosopis cineraria,18.96081,73.38211,2021-06-06,India,NA,HUMAN_OBSERVATION
Prosopis cineraria,24.780083,71.64367,2021-07-04T11:39:55,India,Rajasthan,HUMAN_OBSERVATION
Prosopis cineraria,24.932847,55.362388,2021-10-23T16:45:59,United Arab Emirates,Dubay,HUMAN_OBSERVATION
Prosopis cineraria,25.735537,55.884353,2021-11-04T07:12:34,United Arab Emirates,Ras Al Khaymah,HUMAN_OBSERVATION
Prosopis cineraria,25.471,55.533,2021-11-15,United Arab Emirates,Sharjah,MATERIAL_SAMPLE
Prosopis cineraria,25.541,55.653,2021-11-15,United Arab Emirates,Umm al-Qaywayn,MATERIAL_SAMPLE
Prosopis cineraria,25.540854,55.652961,2021-11-15,United Arab Emirates,NA,PRESERVED_SPECIMEN
Prosopis cineraria,25.471021,55.533414,2021-11-15,United Arab Emirates,NA,PRESERVED_SPECIMEN
Prosopis cineraria,26.817257,76.70165,2021-12-26T12:22:39,India,Rajasthan,HUMAN_OBSERVATION
Prosopis cineraria,26.817257,76.70165,2021-12-26T12:23:50,India,Rajasthan,HUMAN_OBSERVATION
Prosopis cineraria,26.817257,76.70165,2021-12-26T12:23:50,India,Rajasthan,HUMAN_OBSERVATION
Prosopis cineraria,20.431537,55.90485,2021,Oman,NA,HUMAN_OBSERVATION
Prosopis cineraria,20.70364,56.30416,2021,Oman,NA,HUMAN_OBSERVATION
Prosopis cineraria,25.159175,55.255941,2020-01-24T09:05:35,United Arab Emirates,Dubay,HUMAN_OBSERVATION
Prosopis cineraria,25.437721,56.168707,2020-02-25T10:11,United Arab Emirates,Fujayrah,HUMAN_OBSERVATION
Prosopis cineraria,22.606243,58.158945,2020-02-19T09:04,Oman,Ash Sharqiyah North,HUMAN_OBSERVATION
Prosopis cineraria,25.417504,56.167002,2020-03-20T10:07,United Arab Emirates,Fujayrah,HUMAN_OBSERVATION
Prosopis cineraria,19.835202,75.291907,2020-03-14T16:14:41,India,Maharashtra,HUMAN_OBSERVATION
Prosopis cineraria,18.415873,73.916855,2020-07-01,India,NA,HUMAN_OBSERVATION
Prosopis cineraria,25.02952,55.278296,2020-08-10T07:34,United Arab Emirates,Dubay,HUMAN_OBSERVATION
Prosopis cineraria,25.221017,55.279342,2020-09-18T12:34:36,United Arab Emirates,Dubay,HUMAN_OBSERVATION
Prosopis cineraria,25.031211,55.280306,2020-09-17T09:35,United Arab Emirates,Dubay,HUMAN_OBSERVATION
Prosopis cineraria,25.02952,55.278296,2020-10-19T08:52,United Arab Emirates,Dubay,HUMAN_OBSERVATION
Prosopis cineraria,25.02952,55.278296,2020-10-19T08:47,United Arab Emirates,Dubay,HUMAN_OBSERVATION
Prosopis cineraria,25.02952,55.278296,2020-11-03T10:22,United Arab Emirates,Dubay,HUMAN_OBSERVATION
Prosopis cineraria,24.546082,55.659863,2019-01-21,United Arab Emirates,Abu Dhabi,MATERIAL_SAMPLE
Prosopis cineraria,24.546081,55.659862,2019-01-21,United Arab Emirates,NA,PRESERVED_SPECIMEN
Prosopis cineraria,24.254303,54.610866,2019-02-14,United Arab Emirates,Abu Dhabi,HUMAN_OBSERVATION
Prosopis cineraria,24.876509,55.577471,2019-02-03T17:14,United Arab Emirates,Dubay,HUMAN_OBSERVATION
Prosopis cineraria,24.894382,55.614666,2019-02-03T14:27,United Arab Emirates,Dubay,HUMAN_OBSERVATION
Prosopis cineraria,25.288944,56.248949,2019-04-16T06:54,United Arab Emirates,Sharjah,HUMAN_OBSERVATION
Prosopis cineraria,25.255256,55.661062,2019-04-25T09:40,United Arab Emirates,Sharjah,HUMAN_OBSERVATION
Prosopis cineraria,25.289255,56.248777,2019-04-23T07:47,United Arab Emirates,Sharjah,HUMAN_OBSERVATION
Prosopis cineraria,26.30401,73.023474,2019-04-11T07:26:36,India,Rajasthan,HUMAN_OBSERVATION
Prosopis cineraria,25.277049,55.695113,2019-05-07T09:00,United Arab Emirates,Sharjah,HUMAN_OBSERVATION
Prosopis cineraria,10.487811,34.277343,2019-05-31T22:39:23,Sudan,Blue Nile,HUMAN_OBSERVATION
Prosopis cineraria,20.012954,75.586045,2019-06-14T13:20:01,India,Maharashtra,HUMAN_OBSERVATION
Prosopis cineraria,29.265392,47.840551,2019-08-09T08:23:19,Kuwait,Al Jahrah,HUMAN_OBSERVATION
Prosopis cineraria,14.739316,77.45625,2019-09-08T14:39,India,Andhra Pradesh,HUMAN_OBSERVATION
Prosopis cineraria,25.766384,55.930923,2019-11-04,United Arab Emirates,Ras al-Khaymah,MATERIAL_SAMPLE
Prosopis cineraria,25.766384,55.930925,2019-11-04,United Arab Emirates,NA,PRESERVED_SPECIMEN
Prosopis cineraria,27.811535,74.43454,2019-12-13T07:36,India,Rajasthan,HUMAN_OBSERVATION
Prosopis cineraria,27.809588,74.460123,2019-12-14T09:26,India,Rajasthan,HUMAN_OBSERVATION
Prosopis cineraria,11.209097,79.445076,2018-01-08,India,NA,HUMAN_OBSERVATION
Prosopis cineraria,23.516715,58.665254,2018-02-15T23:19,Oman,Muscat,HUMAN_OBSERVATION
Prosopis cineraria,23.444363,58.214087,2018-02-21T20:31,Oman,Ad Dakhliyah,HUMAN_OBSERVATION
Prosopis cineraria,25.993231,50.583715,2018-05-29T00:36,Bahrain,Southern,HUMAN_OBSERVATION
Prosopis cineraria,25.186084,55.328243,2018-10-29T07:24Z,United Arab Emirates,Dubay,HUMAN_OBSERVATION
Prosopis cineraria,24.876652,55.577931,2018-10-21T08:39:24,United Arab Emirates,Dubay,HUMAN_OBSERVATION
Prosopis cineraria,13.657921,76.072451,2017-02-27T09:23,India,Karnataka,HUMAN_OBSERVATION
Prosopis cineraria,13.553348,76.011116,2017-02-27,India,NA,HUMAN_OBSERVATION
Prosopis cineraria,25.170385,55.307478,2017-02-02T10:53Z,United Arab Emirates,Dubay,HUMAN_OBSERVATION
Prosopis cineraria,25.260852,55.665332,2017-03-08T09:24,United Arab Emirates,Sharjah,HUMAN_OBSERVATION
Prosopis cineraria,27.562521,75.3004,2017-04-09,India,NA,HUMAN_OBSERVATION
Prosopis cineraria,15.651597,74.953026,2017-04-15,India,NA,HUMAN_OBSERVATION
Prosopis cineraria,26.06226,76.437653,2017-04-22,India,NA,HUMAN_OBSERVATION
Prosopis cineraria,14.232145,77.617633,2017-09-07T15:53,India,Andhra Pradesh,HUMAN_OBSERVATION
Prosopis cineraria,26.856603,55.999823,2016-05-08T15:26,Iran (Islamic Republic of),Hormozgan,HUMAN_OBSERVATION
Prosopis cineraria,26.856467,55.999706,2016-05-08T15:28,Iran (Islamic Republic of),Hormozgan,HUMAN_OBSERVATION
Prosopis cineraria,26.860619,56.001356,2016-05-08T16:48,Iran (Islamic Republic of),Hormozgan,HUMAN_OBSERVATION
Prosopis cineraria,26.676708,55.447414,2016-05-08T11:02,Iran (Islamic Republic of),Hormozgan,HUMAN_OBSERVATION
Prosopis cineraria,19.909559,57.340586,2016-06-06T10:33,Oman,Al Wusta,HUMAN_OBSERVATION
Prosopis cineraria,25.214369,55.591974,2016-11-07T11:52:54,United Arab Emirates,Sharjah,HUMAN_OBSERVATION
Prosopis cineraria,25.22,55.45,2015-02-18,United Arab Emirates,NA,MATERIAL_SAMPLE
Prosopis cineraria,25.012154,56.21084,2015-03-10T09:49:52,United Arab Emirates,Ras Al Khaymah,HUMAN_OBSERVATION
Prosopis cineraria,21.555,70.477,2015-03-25,India,Gujarat,MATERIAL_SAMPLE
Prosopis cineraria,14.232145,77.617633,2015-10-30T11:47,India,Andhra Pradesh,HUMAN_OBSERVATION
Prosopis cineraria,24.451478,54.368883,2014-04-18T16:55,United Arab Emirates,Abu Dhabi,HUMAN_OBSERVATION
Prosopis cineraria,11.09225,76.801941,2014-05-04,India,NA,HUMAN_OBSERVATION
Prosopis cineraria,21.466,70.571,2014-09-21,India,Gujarat,MATERIAL_SAMPLE
Prosopis cineraria,25.382239,56.262643,2014-11-04T10:37,United Arab Emirates,Fujayrah,HUMAN_OBSERVATION
Prosopis cineraria,29,71.82,2013-04-01,Pakistan,NA,PRESERVED_SPECIMEN
Prosopis cineraria,29.18,71.85,2013-04-01,Pakistan,NA,PRESERVED_SPECIMEN
Prosopis cineraria,26.279531,72.749196,2013-09-18T08:44:15,India,Rajasthan,HUMAN_OBSERVATION
Prosopis cineraria,27.810068,74.460459,2013-10-19T20:42,India,Rajasthan,HUMAN_OBSERVATION
Prosopis cineraria,30.4,70.07,2012-02-16,Pakistan,Punjab,MATERIAL_SAMPLE
Prosopis cineraria,30.4,70.07,2012-02-16,Pakistan,Punjab,MATERIAL_SAMPLE
Prosopis cineraria,30.4,70.07,2012-02-16,Pakistan,Punjab,MATERIAL_SAMPLE
Prosopis cineraria,30.4,70.07,2012-02-16,Pakistan,Punjab,MATERIAL_SAMPLE
Prosopis cineraria,30.4,70.07,2012-02-16,Pakistan,Punjab,MATERIAL_SAMPLE
Prosopis cineraria,25.589967,51.386933,2012-02-13T00:00,Qatar,NA,PRESERVED_SPECIMEN
Prosopis cineraria,25.209557,55.646611,2012-10-02T18:19,United Arab Emirates,Sharjah,HUMAN_OBSERVATION
Prosopis cineraria,26.870798,75.809639,2010-03-28,India,NA,HUMAN_OBSERVATION
Prosopis cineraria,26.870798,75.809639,2009-04-05,India,NA,HUMAN_OBSERVATION
Prosopis cineraria,26.870798,75.809639,2009-05-05,India,NA,HUMAN_OBSERVATION
Prosopis cineraria,25.281944,55.696111,2009-05-11T00:00,United Arab Emirates,NA,PRESERVED_SPECIMEN
Prosopis cineraria,25.363333,55.538889,2009-06-17T00:00,United Arab Emirates,NA,PRESERVED_SPECIMEN
Prosopis cineraria,25.363333,55.538889,2009-06-17T00:00,United Arab Emirates,NA,PRESERVED_SPECIMEN
Prosopis cineraria,26.108875,73.080154,2007-02-20T00:00,India,NA,HUMAN_OBSERVATION
Prosopis cineraria,26.108875,73.080154,2007-02-22T00:00,India,NA,HUMAN_OBSERVATION
Prosopis cineraria,33.53872,72.51728,2005-11-13,Pakistan,Khyber Pakhtunkhwa,PRESERVED_SPECIMEN
Prosopis cineraria,25.1,55.2,2003-01,United Arab Emirates,Dubayy,PRESERVED_SPECIMEN
Prosopis cineraria,14.280333,47.557028,2002-03-08,Yemen,NA,PRESERVED_SPECIMEN
Prosopis cineraria,25.327713,55.951136,2001-12-06T10:03:16,United Arab Emirates,Sharjah,HUMAN_OBSERVATION
Prosopis cineraria,25.86877,56.215044,1998-03-15T12:00,Oman,Musandam,HUMAN_OBSERVATION
Prosopis cineraria,24.955348,55.80256,1995-02-05T12:00,United Arab Emirates,Sharjah,HUMAN_OBSERVATION
Prosopis cineraria,24.973667,55.77721,1995-02-02T12:00,United Arab Emirates,Sharjah,HUMAN_OBSERVATION
Prosopis cineraria,25.016302,55.639169,1995-02-05T12:00,United Arab Emirates,Sharjah,HUMAN_OBSERVATION
Prosopis cineraria,25.109506,55.867756,1995-02-02T12:00,United Arab Emirates,Sharjah,HUMAN_OBSERVATION
Prosopis cineraria,19.016667,57.816667,1993-11-11,Oman,NA,PRESERVED_SPECIMEN
Prosopis cineraria,23.566667,58.183333,1992-05-15,Oman,NA,PRESERVED_SPECIMEN
Prosopis cineraria,22.166667,59.166667,1991-07-22,Oman,Sharqiya,LIVING_SPECIMEN
Prosopis cineraria,22.166667,59.166667,1991-07-22,Oman,Sharqiya,LIVING_SPECIMEN
Prosopis cineraria,12.89657,44.97766,1989-01-04,Yemen,NA,PRESERVED_SPECIMEN
Prosopis cineraria,12.80561,45.03287,1989-01-02,Yemen,NA,PRESERVED_SPECIMEN
Prosopis cineraria,12.79813,45.03413,1989-01-02,Yemen,NA,PRESERVED_SPECIMEN
Prosopis cineraria,12.89657,44.97766,1989-01-04,Yemen,NA,PRESERVED_SPECIMEN
Prosopis cineraria,12.80561,45.03287,1989-01-02,Yemen,NA,PRESERVED_SPECIMEN
Prosopis cineraria,40.439124,-79.947622,1989-08-15,United States of America,Pennsylvania,PRESERVED_SPECIMEN
Prosopis cineraria,22.272644,73.187785,1988-10-20,India,NA,PRESERVED_SPECIMEN
Prosopis cineraria,27.156004,77.530861,1987-02-02,India,NA,PRESERVED_SPECIMEN
Prosopis cineraria,27.156004,77.530861,1987-02-02,India,NA,PRESERVED_SPECIMEN
Prosopis cineraria,23.666667,57.833333,1987-06-19,Oman,NA,LIVING_SPECIMEN
Prosopis cineraria,25.666667,56.333333,1987-07-07,Oman,NA,LIVING_SPECIMEN
Prosopis cineraria,21.633333,59.3,1986-01-16T00:00,Oman,NA,PRESERVED_SPECIMEN
Prosopis cineraria,21.8,59.283333,1986-01-18T00:00,Oman,NA,PRESERVED_SPECIMEN
Prosopis cineraria,22.916667,59.316667,1986-01-18T00:00,Oman,NA,PRESERVED_SPECIMEN
Prosopis cineraria,22.491667,58.766667,1986-02-11T00:00,Oman,NA,PRESERVED_SPECIMEN
Prosopis cineraria,22.491667,58.766667,1986-02-11T00:00,Oman,NA,PRESERVED_SPECIMEN
Prosopis cineraria,22.308976,73.188035,1986-10-01,India,NA,PRESERVED_SPECIMEN
Prosopis cineraria,25.85,56.25,1985-04-26,Oman,Musandam,PRESERVED_SPECIMEN
Prosopis cineraria,16.933333,55.533333,1984-09-28,Oman,Dhofar,PRESERVED_SPECIMEN
Prosopis cineraria,27.162518,77.524298,1984-10,India,Rajasthan,PRESERVED_SPECIMEN
Prosopis cineraria,21.178418,72.658786,1978-03-12,India,NA,PRESERVED_SPECIMEN
Prosopis cineraria,22.266911,73.149154,1978-03-13,India,NA,PRESERVED_SPECIMEN
Prosopis cineraria,23.116672,70.028102,1978-03-06,India,NA,PRESERVED_SPECIMEN
Prosopis cineraria,25.116667,70.25,1977-02,Pakistan,Sindh,PRESERVED_SPECIMEN
Prosopis cineraria,25.116667,70.25,1977-02,Pakistan,Sindh,PRESERVED_SPECIMEN
Prosopis cineraria,21.21888,72.796076,1977-08-07,India,NA,PRESERVED_SPECIMEN
Prosopis cineraria,33.488792,73.038885,1976-05,Pakistan,Punjab,PRESERVED_SPECIMEN
Prosopis cineraria,33.488792,73.038885,1976-05,Pakistan,Punjab,PRESERVED_SPECIMEN
Prosopis cineraria,33.488792,73.038885,1976-05,Pakistan,Punjab,PRESERVED_SPECIMEN
Prosopis cineraria,33.488792,73.038885,1976-05,Pakistan,Punjab,PRESERVED_SPECIMEN
Prosopis cineraria,28.1,57.433333,1975-05-06,Iran (Islamic Republic of),Kerman,PRESERVED_SPECIMEN
Prosopis cineraria,28.1,57.433333,1975-05-05T00:00,Iran (Islamic Republic of),NA,PRESERVED_SPECIMEN
Prosopis cineraria,21.452749,72.994537,1974-02-13,India,NA,PRESERVED_SPECIMEN
Prosopis cineraria,24.069116,73.060106,1970-03-18,India,NA,PRESERVED_SPECIMEN
Prosopis cineraria,26.115455,80.51884,1970-03-18,India,NA,PRESERVED_SPECIMEN
Prosopis cineraria,26.115455,80.51884,1970-03-18,India,NA,PRESERVED_SPECIMEN
Prosopis cineraria,29.476244,-98.559082,1970-09-04,United States of America,Texas,PRESERVED_SPECIMEN
Prosopis cineraria,15.536179,78.431298,1969-02-11,India,NA,PRESERVED_SPECIMEN
Prosopis cineraria,15.536179,78.431298,1969-02-11,India,NA,PRESERVED_SPECIMEN
Prosopis cineraria,24.069116,73.060106,1969-10-31,India,NA,PRESERVED_SPECIMEN
Prosopis cineraria,22.307159,73.181219,1957-09-21,India,NA,PRESERVED_SPECIMEN
Prosopis cineraria,27.364386,76.412273,NA,India,Rajasthan,PRESERVED_SPECIMEN
Prosopis cineraria,22.883478,79.616202,NA,India,NA,PRESERVED_SPECIMEN
Prosopis cineraria,22.883478,79.616202,NA,India,NA,PRESERVED_SPECIMEN
Prosopis cineraria,11,77,NA,India,NA,HUMAN_OBSERVATION
Prosopis cineraria,10.5,79.5,NA,India,NA,HUMAN_OBSERVATION
Prosopis cineraria,23.5863,81.173004,NA,India,NA,MATERIAL_SAMPLE
Prosopis cineraria,17.50263,78.38629,NA,India,NA,HUMAN_OBSERVATION
Prosopis cineraria,26.63044,75.01944,NA,India,NA,HUMAN_OBSERVATION
Prosopis cineraria,17.50263,78.38629,NA,India,NA,HUMAN_OBSERVATION
Prosopis cineraria,17.50263,78.38629,NA,India,NA,HUMAN_OBSERVATION
Prosopis cineraria,18.515298,73.847797,1999/2000,India,Maharashtra,HUMAN_OBSERVATION
Prosopis cineraria,23.583333,58.5,NA,Oman,NA,PRESERVED_SPECIMEN
Prosopis cineraria,20.353,74.232,2020-06-01/2022-01-31,India,Maharashtra,PRESERVED_SPECIMEN
Prosopis cineraria,17.50274,78.38659,NA,India,NA,HUMAN_OBSERVATION
Prosopis cineraria,18.27819,74.3177,NA,India,NA,HUMAN_OBSERVATION
Prosopis cineraria,17.50235,78.39071,NA,India,NA,HUMAN_OBSERVATION
Prosopis cineraria,17.50277,78.38661,NA,India,NA,HUMAN_OBSERVATION
